dataset,k,n,m,avg_runtime_sec,avg_samples,samples_per_sec,runtime_per_edge
Wiki-Vote,5,7115,103689,38135.160230000816,51975214.666666664,1362.9211036008162,0.3677840487419188
Amazon0302,5,262111,1234877,1412.51300795873,1075664.3333333333,761.5252583675756,0.0011438491509346519
CA-AstroPh,5,18771,198050,17953.00976085663,10887742.333333334,606.4577738420293,0.0906488753388368
