dataset,directed,k,q,schedule,seed,total_samples,signature,count,concentration
Email-Enron,False,4,0.01,fine,1,62589290,0001000100011110,44796551,0.7157223064840647
Email-Enron,False,4,0.01,fine,1,62589290,0001001101011110,3754693,0.05998938476534883
Email-Enron,False,4,0.01,fine,1,62589290,0001001001011010,13722374,0.21924476216298347
Email-Enron,False,4,0.01,fine,1,62589290,0011001111011110,224273,0.0035832488273952303
Email-Enron,False,4,0.01,fine,1,62589290,0011001111001100,67778,0.0010829009244233319
Email-Enron,False,4,0.01,fine,1,62589290,0111101111011110,23621,0.0003773968357845248
