dataset,directed,k,q,schedule,seed,total_samples,signature,count,concentration
Email-Enron,False,4,0.01,fine,2,62590896,0001000100011110,44795001,0.715679178006974
Email-Enron,False,4,0.01,fine,2,62590896,0001001001011010,13722621,0.21924308289179947
Email-Enron,False,4,0.01,fine,2,62590896,0001001101011110,3757098,0.06002626963512393
Email-Enron,False,4,0.01,fine,2,62590896,0011001111011110,225001,0.003594787970442219
Email-Enron,False,4,0.01,fine,2,62590896,0011001111001100,67587,0.0010798215766075628
Email-Enron,False,4,0.01,fine,2,62590896,0111101111011110,23588,0.00037685991905276445
