dataset,directed,k,q,schedule,seed,total_samples,signature,count,concentration
Email-Enron,False,4,0.01,fine,3,62586049,0001000100011110,44794596,0.7157281329581933
Email-Enron,False,4,0.01,fine,3,62586049,0001001001011010,13718148,0.2191885926526533
Email-Enron,False,4,0.01,fine,3,62586049,0001001101011110,3758607,0.06005502919668247
Email-Enron,False,4,0.01,fine,3,62586049,0011001111011110,223919,0.0035777781722568873
Email-Enron,False,4,0.01,fine,3,62586049,0011001111001100,67349,0.001076102439379102
Email-Enron,False,4,0.01,fine,3,62586049,0111101111011110,23430,0.00037436458083493974
