dataset,directed,k,q,schedule,seed,total_samples,signature,count,concentration
roadNet-CA,False,4,0.01,fine,2,139423,0001000100011110,24019,0.17227430194444246
roadNet-CA,False,4,0.01,fine,2,139423,0001001001011010,107508,0.7710922874991931
roadNet-CA,False,4,0.01,fine,2,139423,0001001101011110,5322,0.03817160726709366
roadNet-CA,False,4,0.01,fine,2,139423,0011001111011110,147,0.001054345409294019
roadNet-CA,False,4,0.01,fine,2,139423,0011001111001100,2427,0.017407457879976763
