dataset,directed,k,q,schedule,seed,total_samples,signature,count,concentration
roadNet-CA,False,4,0.01,fine,1,138900,0001001001011010,107053,0.7707199424046076
roadNet-CA,False,4,0.01,fine,1,138900,0001001101011110,5217,0.03755939524838013
roadNet-CA,False,4,0.01,fine,1,138900,0001000100011110,23912,0.17215262778977683
roadNet-CA,False,4,0.01,fine,1,138900,0011001111001100,2585,0.018610511159107272
roadNet-CA,False,4,0.01,fine,1,138900,0011001111011110,131,0.0009431245500359972
roadNet-CA,False,4,0.01,fine,1,138900,0111101111011110,2,1.4398848092152627e-05
