dataset,directed,k,q,schedule,seed,total_samples,signature,count,concentration
roadNet-CA,False,4,0.01,fine,3,139650,0001001001011010,107834,0.7721732903687791
roadNet-CA,False,4,0.01,fine,3,139650,0001000100011110,23977,0.17169351951306838
roadNet-CA,False,4,0.01,fine,3,139650,0011001111001100,2520,0.01804511278195489
roadNet-CA,False,4,0.01,fine,3,139650,0001001101011110,5190,0.037164339419978515
roadNet-CA,False,4,0.01,fine,3,139650,0011001111011110,128,0.0009165771571786609
roadNet-CA,False,4,0.01,fine,3,139650,0111101111011110,1,7.160759040458289e-06
