dataset,k,n,m,avg_runtime_sec,avg_samples,samples_per_sec,runtime_per_edge
Wiki-Vote,4,7115,103689,758.3903090953827,25134149.0,33141.442735443605,0.007314086442104588
Amazon0302,4,262111,1234877,89.47115635871887,1947472.3333333333,21766.482211599963,7.245349646865143e-05
CA-AstroPh,4,18771,198050,444.59546677271527,9238533.333333334,20779.639073684546,0.0022448647653255
Email-Enron,4,36692,183831,5963.717694282532,62588745.0,10494.920820951062,0.03244130584222754
