{
  "dataset": "Amazon0302",
  "file": "Amazon0302.txt",
  "directed": true,
  "n": 262111,
  "m": 1234877,
  "k": 3,
  "q": 0.1,
  "p_depth": [
    1.0,
    1.0,
    0.1
  ],
  "child_selection": "bernoulli",
  "schedule": "fine",
  "seed": 3,
  "runtime_sec": 23.86086893081665,
  "loaded_sec": 7.751546382904053,
  "total_samples": 769038,
  "unique_motif_classes": 13,
  "total_subgraphs": 7684912,
  "realized_fraction": 0.10007115240877189,
  "max_nodes": null
}