{
  "dataset": "Amazon0302",
  "file": "Amazon0302.txt",
  "directed": true,
  "n": 262111,
  "m": 1234877,
  "k": 3,
  "q": 0.1,
  "p_depth": [
    1.0,
    1.0,
    0.1
  ],
  "child_selection": "bernoulli",
  "schedule": "fine",
  "seed": 1,
  "runtime_sec": 24.164769649505615,
  "loaded_sec": 7.3566155433654785,
  "total_samples": 768083,
  "unique_motif_classes": 13,
  "total_subgraphs": 7684912,
  "realized_fraction": 0.0999468829311253,
  "max_nodes": null
}