dataset,directed,k,q,schedule,seed,total_samples,signature,count,concentration
CA-AstroPh,False,4,0.01,fine,1,9235426,0001000100011110,2993254,0.3241056774208358
CA-AstroPh,False,4,0.01,fine,1,9235426,0011001111011110,148727,0.016103967483470715
CA-AstroPh,False,4,0.01,fine,1,9235426,0001001001011010,4200436,0.45481778534092526
CA-AstroPh,False,4,0.01,fine,1,9235426,0001001101011110,1783944,0.19316315240899554
CA-AstroPh,False,4,0.01,fine,1,9235426,0011001111001100,12865,0.0013930055852323434
CA-AstroPh,False,4,0.01,fine,1,9235426,0111101111011110,96200,0.010416411760540336
