dataset,directed,k,q,schedule,seed,total_samples,signature,count,concentration
CA-AstroPh,False,4,0.01,fine,3,9239336,0001000100011110,2993143,0.32395650509950064
CA-AstroPh,False,4,0.01,fine,3,9239336,0001001001011010,4203851,0.45499492604230435
CA-AstroPh,False,4,0.01,fine,3,9239336,0001001101011110,1785123,0.1932090141542639
CA-AstroPh,False,4,0.01,fine,3,9239336,0011001111001100,12855,0.0013913337495248576
CA-AstroPh,False,4,0.01,fine,3,9239336,0011001111011110,148421,0.016064033172946628
CA-AstroPh,False,4,0.01,fine,3,9239336,0111101111011110,95943,0.01038418778145962
