dataset,directed,k,q,schedule,seed,total_samples,signature,count,concentration
CA-AstroPh,False,4,0.01,fine,2,9240838,0001000100011110,2993478,0.323940101536246
CA-AstroPh,False,4,0.01,fine,2,9240838,0001001001011010,4206708,0.455230142547678
CA-AstroPh,False,4,0.01,fine,2,9240838,0001001101011110,1783798,0.19303422481813878
CA-AstroPh,False,4,0.01,fine,2,9240838,0011001111001100,12953,0.001401712701813407
CA-AstroPh,False,4,0.01,fine,2,9240838,0011001111011110,147962,0.016011751315194573
CA-AstroPh,False,4,0.01,fine,2,9240838,0111101111011110,95939,0.01038206708092924
