dataset,k,n,m,avg_runtime_sec,avg_samples,samples_per_sec,runtime_per_edge
Wiki-Vote,3,7115,103689,11.893407980600992,1332978.0,112077.04319688548,0.00011470269730251997
Amazon0302,3,262111,1234877,23.94634159406026,768368.3333333334,32087.086468520196,1.9391681595867655e-05
CA-AstroPh,3,18771,198050,9.926835775375366,1004973.6666666666,101238.06713511037,5.012287692691425e-05
Email-Enron,3,36692,183831,67.40241289138794,2412611.3333333335,35794.1389608857,0.00036665422530143414
